CARRIER,1(a),1(b),2(a),2(b),2(c),3,4,5,6,7,year,quarter,1,2,perc_denied_boarding,perc_denied_boarding_involuntary,perc_denied_boarding_voluntary,total_denials,cash_per_vol_denial,date
Alaska Airlines,0.0,99.0,0.0,17.0,4.0,120.0,99.0,1206.0,5844254.0,0.0,2018,Q1 2018,99.0,21.0,0.0227,0.002053,0.020636,1326.0,0.0,2018-01-01
Allegiant Airlines,0.0,0.0,0.0,0.0,58.0,58.0,0.0,0.0,3306693.0,0.0,2018,Q1 2018,0.0,58.0,0.0018,0.001754,0.0,58.0,,2018-01-01
American Airlines,9.0,295.0,0.0,177.0,2.0,483.0,481.0,15658.0,31525870.0,0.0,2018,Q1 2018,304.0,179.0,0.0512,0.001532,0.049667,16141.0,0.0,2018-01-01
Delta Air Lines,0.0,6.0,0.0,6.0,1.0,13.0,6.0,23777.0,30868044.0,0.0,2018,Q1 2018,6.0,7.0,0.0771,4.2e-05,0.077028,23790.0,0.0,2018-01-01
Endeavor Air,0.0,1.0,0.0,1.0,2.0,4.0,1.0,3117.0,2709157.0,0.0,2018,Q1 2018,1.0,3.0,0.1152,0.000148,0.115054,3121.0,0.0,2018-01-01
Envoy Air,0.0,22.0,0.0,37.0,0.0,59.0,59.0,3839.0,2943408.0,0.0,2018,Q1 2018,22.0,37.0,0.1324,0.002004,0.130427,3898.0,0.0,2018-01-01
ExpressJet Airlines,0.0,3.0,0.0,0.0,0.0,3.0,3.0,2230.0,2411261.0,0.0,2018,Q1 2018,3.0,0.0,0.0926,0.000124,0.092483,2233.0,0.0,2018-01-01
Frontier Airlines,0.0,98.0,0.0,78.0,12.0,188.0,53.0,949.0,4416868.0,2382.0,2018,Q1 2018,98.0,90.0,0.0257,0.004256,0.021486,1137.0,2.51,2018-01-01
Hawaiian Airlines,0.0,2.0,0.0,0.0,0.0,2.0,2.0,160.0,2676265.0,1600.0,2018,Q1 2018,2.0,0.0,0.0061,7.5e-05,0.005978,162.0,10.0,2018-01-01
JetBlue Airways,0.0,7.0,0.0,0.0,0.0,7.0,7.0,844.0,8927623.0,550230.0,2018,Q1 2018,7.0,0.0,0.0095,7.8e-05,0.009454,851.0,651.93,2018-01-01
Mesa Airlines,2.0,5.0,0.0,40.0,0.0,47.0,47.0,2413.0,2864946.0,0.0,2018,Q1 2018,7.0,40.0,0.0859,0.001641,0.084225,2460.0,0.0,2018-01-01
PSA Airlines,1.0,15.0,0.0,6.0,0.0,22.0,22.0,2416.0,3210770.0,0.0,2018,Q1 2018,16.0,6.0,0.0759,0.000685,0.075247,2438.0,0.0,2018-01-01
Republic Airline,0.0,24.0,0.0,8.0,0.0,32.0,32.0,2613.0,4050777.0,0.0,2018,Q1 2018,24.0,8.0,0.0653,0.00079,0.064506,2645.0,0.0,2018-01-01
SkyWest Airlines,0.0,29.0,1.0,54.0,4.0,88.0,64.0,7816.0,8060076.0,0.0,2018,Q1 2018,29.0,59.0,0.0981,0.001092,0.096972,7904.0,0.0,2018-01-01
Southwest Airlines,312.0,357.0,0.0,0.0,0.0,669.0,669.0,4325.0,37042370.0,0.0,2018,Q1 2018,669.0,0.0,0.0135,0.001806,0.011676,4994.0,0.0,2018-01-01
Spirit Airlines,9.0,736.0,0.0,129.0,0.0,874.0,369.0,5477.0,6180877.0,0.0,2018,Q1 2018,745.0,129.0,0.1028,0.01414,0.088612,6351.0,0.0,2018-01-01
United Air Lines,0.0,11.0,0.0,16.0,0.0,27.0,27.0,8214.0,21314280.0,1111.0,2018,Q1 2018,11.0,16.0,0.0387,0.000127,0.038538,8241.0,0.14,2018-01-01
Virgin America ,18.0,0.0,0.0,4.0,0.0,22.0,18.0,89.0,2045185.0,41000.0,2018,Q1 2018,18.0,4.0,0.0054,0.001076,0.004352,111.0,460.67,2018-01-01
Alaska Airlines,0.0,237.0,0.0,87.0,2.0,326.0,237.0,2795.0,8923390.0,0.0,2018,Q2 2018,237.0,89.0,0.035,0.003653,0.031322,3121.0,0.0,2018-04-01
Allegiant Airlines,0.0,0.0,0.0,0.0,0.0,0.0,0.0,216.0,3729600.0,0.0,2018,Q2 2018,0.0,0.0,0.0058,0.0,0.005792,216.0,0.0,2018-04-01
American Airlines,6.0,90.0,0.0,98.0,1.0,195.0,194.0,12751.0,34773590.0,0.0,2018,Q2 2018,96.0,99.0,0.0372,0.000561,0.036669,12946.0,0.0,2018-04-01
Delta Air Lines,0.0,4.0,0.0,4.0,1.0,9.0,4.0,17602.0,36208900.0,0.0,2018,Q2 2018,4.0,5.0,0.0486,2.5e-05,0.048612,17611.0,0.0,2018-04-01
Endeavor Air,0.0,0.0,0.0,0.0,1.0,1.0,0.0,4100.0,3617308.0,0.0,2018,Q2 2018,0.0,1.0,0.1134,2.8e-05,0.113344,4101.0,0.0,2018-04-01
Envoy Air,0.0,27.0,0.0,34.0,0.0,61.0,61.0,4273.0,3415654.0,0.0,2018,Q2 2018,27.0,34.0,0.1269,0.001786,0.1251,4334.0,0.0,2018-04-01
ExpressJet Airlines,0.0,7.0,0.0,5.0,0.0,12.0,12.0,2225.0,2350886.0,0.0,2018,Q2 2018,7.0,5.0,0.0952,0.00051,0.094645,2237.0,0.0,2018-04-01
Frontier Airlines,0.0,161.0,0.0,80.0,14.0,255.0,114.0,991.0,4946148.0,2782.0,2018,Q2 2018,161.0,94.0,0.0252,0.005156,0.020036,1246.0,2.81,2018-04-01
Hawaiian Airlines,2.0,0.0,0.0,0.0,0.0,2.0,2.0,345.0,2804422.0,0.0,2018,Q2 2018,2.0,0.0,0.0124,7.1e-05,0.012302,347.0,0.0,2018-04-01
JetBlue Airways,0.0,8.0,0.0,1.0,0.0,9.0,8.0,557.0,9893611.0,333696.0,2018,Q2 2018,8.0,1.0,0.0057,9.1e-05,0.00563,566.0,599.1,2018-04-01
Mesa Airlines,1.0,6.0,0.0,3.0,0.0,10.0,10.0,1722.0,3378023.0,0.0,2018,Q2 2018,7.0,3.0,0.0513,0.000296,0.050977,1732.0,0.0,2018-04-01
PSA Airlines,1.0,19.0,0.0,12.0,0.0,32.0,32.0,2554.0,3485505.0,0.0,2018,Q2 2018,20.0,12.0,0.0742,0.000918,0.073275,2586.0,0.0,2018-04-01
Republic Airline,0.0,18.0,0.0,12.0,0.0,30.0,28.0,3876.0,4890213.0,0.0,2018,Q2 2018,18.0,12.0,0.0799,0.000613,0.07926,3906.0,0.0,2018-04-01
SkyWest Airlines,0.0,112.0,0.0,92.0,2.0,206.0,114.0,7413.0,9125575.0,0.0,2018,Q2 2018,112.0,94.0,0.0835,0.002257,0.081233,7619.0,0.0,2018-04-01
Southwest Airlines,109.0,267.0,0.0,0.0,0.0,376.0,376.0,6039.0,42329176.0,0.0,2018,Q2 2018,376.0,0.0,0.0152,0.000888,0.014267,6415.0,0.0,2018-04-01
Spirit Airlines,0.0,413.0,0.0,35.0,0.0,448.0,217.0,4852.0,7061549.0,0.0,2018,Q2 2018,413.0,35.0,0.0751,0.006344,0.06871,5300.0,0.0,2018-04-01
United Air Lines,0.0,8.0,2.0,3.0,4.0,17.0,12.0,8615.0,25966562.0,0.0,2018,Q2 2018,8.0,9.0,0.0332,6.5e-05,0.033177,8632.0,0.0,2018-04-01
Alaska Airlines,0.0,121.0,0.0,65.0,6.0,192.0,121.0,2494.0,9274760.0,0.0,2018,Q3 2018,121.0,71.0,0.029,0.00207,0.02689,2686.0,0.0,2018-07-01
Allegiant Airlines,0.0,0.0,0.0,10.0,68.0,78.0,0.0,141.0,3529711.0,0.0,2018,Q3 2018,0.0,78.0,0.0062,0.00221,0.003995,219.0,0.0,2018-07-01
American Airlines,10.0,132.0,0.0,173.0,48.0,363.0,315.0,12697.0,34232162.0,0.0,2018,Q3 2018,142.0,221.0,0.0382,0.00106,0.037091,13060.0,0.0,2018-07-01
Delta Air Lines,0.0,0.0,0.0,0.0,0.0,0.0,0.0,17722.0,37139292.0,0.0,2018,Q3 2018,0.0,0.0,0.0477,0.0,0.047718,17722.0,0.0,2018-07-01
Endeavor Air,0.0,0.0,0.0,0.0,0.0,0.0,0.0,5131.0,3518387.0,0.0,2018,Q3 2018,0.0,0.0,0.1458,0.0,0.145834,5131.0,0.0,2018-07-01
Envoy Air,2.0,39.0,0.0,120.0,0.0,161.0,161.0,3437.0,3388554.0,0.0,2018,Q3 2018,41.0,120.0,0.1062,0.004751,0.10143,3598.0,0.0,2018-07-01
ExpressJet Airlines,0.0,1.0,0.0,2.0,0.0,3.0,3.0,1866.0,2175952.0,0.0,2018,Q3 2018,1.0,2.0,0.0859,0.000138,0.085756,1869.0,0.0,2018-07-01
Frontier Airlines,0.0,169.0,0.0,328.0,22.0,519.0,122.0,1790.0,5128189.0,1986.0,2018,Q3 2018,169.0,350.0,0.045,0.010121,0.034905,2309.0,1.11,2018-07-01
Hawaiian Airlines,0.0,3.0,0.0,,0.0,3.0,3.0,274.0,2802150.0,0.0,2018,Q3 2018,3.0,,0.0099,0.000107,0.009778,277.0,0.0,2018-07-01
JetBlue Airways,0.0,7.0,0.0,0.0,0.0,7.0,7.0,612.0,9824474.0,369730.0,2018,Q3 2018,7.0,0.0,0.0063,7.1e-05,0.006229,619.0,604.13,2018-07-01
Mesa Airlines,0.0,5.0,0.0,46.0,0.0,51.0,51.0,2581.0,3604845.0,0.0,2018,Q3 2018,5.0,46.0,0.073,0.001415,0.071598,2632.0,0.0,2018-07-01
PSA Airlines,0.0,24.0,0.0,18.0,0.0,42.0,42.0,2006.0,3404018.0,0.0,2018,Q3 2018,24.0,18.0,0.0602,0.001234,0.05893,2048.0,0.0,2018-07-01
Republic Airline,0.0,29.0,0.0,2.0,0.0,31.0,31.0,4954.0,4619387.0,0.0,2018,Q3 2018,29.0,2.0,0.1079,0.000671,0.107244,4985.0,0.0,2018-07-01
SkyWest Airlines,0.0,70.0,0.0,22.0,3.0,95.0,92.0,7264.0,9676146.0,0.0,2018,Q3 2018,70.0,25.0,0.0761,0.000982,0.075071,7359.0,0.0,2018-07-01
Southwest Airlines,273.0,694.0,0.0,0.0,0.0,967.0,967.0,6570.0,40839016.0,0.0,2018,Q3 2018,967.0,0.0,0.0185,0.002368,0.016088,7537.0,0.0,2018-07-01
Spirit Airlines,3.0,160.0,1.0,0.0,0.0,164.0,163.0,5718.0,7328762.0,0.0,2018,Q3 2018,163.0,1.0,0.0803,0.002238,0.078021,5882.0,0.0,2018-07-01
United Air Lines,0.0,15.0,0.0,8.0,3.0,26.0,22.0,11339.0,27080182.0,0.0,2018,Q3 2018,15.0,11.0,0.042,9.6e-05,0.041872,11365.0,0.0,2018-07-01
Alaska Airlines,0.0,56.0,0.0,42.0,7.0,105.0,56.0,2226.0,8260367.0,0.0,2018,Q4 2018,56.0,49.0,0.0282,0.001271,0.026948,2331.0,0.0,2018-10-01
Allegiant Airlines,0.0,0.0,0.0,1.0,65.0,66.0,0.0,46.0,3263797.0,0.0,2018,Q4 2018,0.0,66.0,0.0034,0.002022,0.001409,112.0,0.0,2018-10-01
American Airlines,21.0,839.0,0.0,713.0,0.0,1573.0,1573.0,20168.0,33312446.0,0.0,2018,Q4 2018,860.0,713.0,0.0653,0.004722,0.060542,21741.0,0.0,2018-10-01
Delta Air Lines,0.0,0.0,0.0,0.0,0.0,0.0,0.0,22605.0,34570464.0,0.0,2018,Q4 2018,0.0,0.0,0.0654,0.0,0.065388,22605.0,0.0,2018-10-01
Endeavor Air,0.0,0.0,0.0,0.0,2.0,2.0,0.0,4559.0,3446544.0,0.0,2018,Q4 2018,0.0,2.0,0.1323,5.8e-05,0.132277,4561.0,0.0,2018-10-01
Envoy Air,2.0,75.0,0.0,376.0,0.0,453.0,453.0,3104.0,3303994.0,0.0,2018,Q4 2018,77.0,376.0,0.1077,0.013711,0.093947,3557.0,0.0,2018-10-01
ExpressJet Airlines,0.0,9.0,0.0,13.0,0.0,22.0,22.0,1658.0,1835755.0,0.0,2018,Q4 2018,9.0,13.0,0.0915,0.001198,0.090317,1680.0,0.0,2018-10-01
Frontier Airlines,0.0,101.0,0.0,138.0,18.0,257.0,61.0,895.0,4932227.0,1152.0,2018,Q4 2018,101.0,156.0,0.0234,0.005211,0.018146,1152.0,1.29,2018-10-01
Hawaiian Airlines,0.0,5.0,0.0,1.0,0.0,6.0,5.0,326.0,2680823.0,0.0,2018,Q4 2018,5.0,1.0,0.0124,0.000224,0.01216,332.0,0.0,2018-10-01
JetBlue Airways,0.0,13.0,0.0,0.0,0.0,13.0,13.0,487.0,9351646.0,291469.0,2018,Q4 2018,13.0,0.0,0.0053,0.000139,0.005208,500.0,598.5,2018-10-01
Mesa Airlines,0.0,15.0,0.0,86.0,0.0,101.0,101.0,2047.0,3536496.0,0.0,2018,Q4 2018,15.0,86.0,0.0607,0.002856,0.057882,2148.0,0.0,2018-10-01
PSA Airlines,5.0,70.0,0.0,138.0,0.0,213.0,213.0,2356.0,3421745.0,0.0,2018,Q4 2018,75.0,138.0,0.0751,0.006225,0.068854,2569.0,0.0,2018-10-01
Republic Airline,1.0,88.0,0.0,14.0,0.0,103.0,103.0,4275.0,4548762.0,0.0,2018,Q4 2018,89.0,14.0,0.0962,0.002264,0.093982,4378.0,0.0,2018-10-01
SkyWest Airlines,0.0,56.0,0.0,104.0,0.0,160.0,160.0,5977.0,9210026.0,0.0,2018,Q4 2018,56.0,104.0,0.0666,0.001737,0.064897,6137.0,0.0,2018-10-01
Southwest Airlines,116.0,295.0,0.0,0.0,0.0,411.0,411.0,4688.0,41306125.0,0.0,2018,Q4 2018,411.0,0.0,0.0123,0.000995,0.011349,5099.0,0.0,2018-10-01
Spirit Airlines,9.0,34.0,0.0,0.0,0.0,43.0,43.0,5417.0,6897416.0,0.0,2018,Q4 2018,43.0,0.0,0.0792,0.000623,0.078537,5460.0,0.0,2018-10-01
United Air Lines,1.0,7.0,0.0,2.0,13.0,23.0,10.0,7556.0,25234539.0,0.0,2018,Q4 2018,8.0,15.0,0.03,9.1e-05,0.029943,7579.0,0.0,2018-10-01
Alaska Airlines,0.0,107.0,0.0,44.0,7.0,158.0,107.0,2498.0,7612627.0,0.0,2019,Q1 2019,107.0,51.0,0.0349,0.002075,0.032814,2656.0,0.0,2019-01-01
Allegiant Airlines,0.0,0.0,0.0,434.0,76.0,510.0,0.0,34.0,3473390.0,0.0,2019,Q1 2019,0.0,510.0,0.0157,0.014683,0.000979,544.0,0.0,2019-01-01
American Airlines,25.0,955.0,0.0,727.0,17.0,1724.0,1707.0,28362.0,33083888.0,0.0,2019,Q1 2019,980.0,744.0,0.0909,0.005211,0.085728,30086.0,0.0,2019-01-01
Delta Air Lines,1.0,0.0,0.0,0.0,0.0,1.0,1.0,28276.0,32597931.0,0.0,2019,Q1 2019,1.0,0.0,0.0867,3e-06,0.086742,28277.0,0.0,2019-01-01
Endeavor Air,0.0,0.0,0.0,0.0,0.0,0.0,0.0,4432.0,3113553.0,0.0,2019,Q1 2019,0.0,0.0,0.1423,0.0,0.142345,4432.0,0.0,2019-01-01
Envoy Air,1.0,104.0,0.0,385.0,0.0,490.0,490.0,3807.0,3137713.0,0.0,2019,Q1 2019,105.0,385.0,0.1369,0.015616,0.12133,4297.0,0.0,2019-01-01
ExpressJet Airlines,0.0,0.0,1.0,0.0,0.0,1.0,1.0,1470.0,1454843.0,0.0,2019,Q1 2019,0.0,1.0,0.1011,6.9e-05,0.101042,1471.0,0.0,2019-01-01
Frontier Airlines,0.0,81.0,0.0,73.0,14.0,168.0,59.0,587.0,5128189.0,989.0,2019,Q1 2019,81.0,87.0,0.0147,0.003276,0.011447,755.0,1.68,2019-01-01
Hawaiian Airlines,0.0,0.0,0.0,0.0,0.0,0.0,0.0,72.0,2615452.0,400.0,2019,Q1 2019,0.0,0.0,0.0028,0.0,0.002753,72.0,5.56,2019-01-01
JetBlue Airways,0.0,23.0,0.0,0.0,0.0,23.0,23.0,721.0,9061253.0,451304.0,2019,Q1 2019,23.0,0.0,0.0082,0.000254,0.007957,744.0,625.94,2019-01-01
Mesa Airlines,0.0,24.0,0.0,461.0,0.0,485.0,485.0,3864.0,3288521.0,0.0,2019,Q1 2019,24.0,461.0,0.1322,0.014748,0.1175,4349.0,0.0,2019-01-01
PSA Airlines,1.0,75.0,0.0,184.0,7.0,267.0,260.0,3166.0,3412630.0,0.0,2019,Q1 2019,76.0,191.0,0.1006,0.007824,0.092773,3433.0,0.0,2019-01-01
Republic Airline,1.0,67.0,0.0,12.0,0.0,80.0,80.0,3713.0,4183267.0,0.0,2019,Q1 2019,68.0,12.0,0.0907,0.001912,0.088758,3793.0,0.0,2019-01-01
SkyWest Airlines,2.0,80.0,1.0,150.0,0.0,233.0,231.0,7163.0,8697930.0,0.0,2019,Q1 2019,82.0,151.0,0.085,0.002679,0.082353,7396.0,0.0,2019-01-01
Southwest Airlines,334.0,1260.0,0.0,0.0,0.0,1594.0,1594.0,9996.0,37409141.0,0.0,2019,Q1 2019,1594.0,0.0,0.031,0.004261,0.026721,11590.0,0.0,2019-01-01
Spirit Airlines,5.0,21.0,0.0,20.0,0.0,46.0,26.0,6768.0,7265473.0,0.0,2019,Q1 2019,26.0,20.0,0.0938,0.000633,0.093153,6814.0,0.0,2019-01-01
United Air Lines,0.0,7.0,0.0,0.0,10.0,17.0,7.0,8856.0,22660404.0,0.0,2019,Q1 2019,7.0,10.0,0.0392,7.5e-05,0.039081,8873.0,0.0,2019-01-01
Alaska Airlines,0.0,107.0,0.0,36.0,12.0,155.0,107.0,3188.0,9035684.0,0.0,2019,Q2 2019,107.0,48.0,0.037,0.001715,0.035282,3343.0,0.0,2019-04-01
Allegiant Airlines,0.0,0.0,0.0,123.0,0.0,123.0,0.0,25.0,4198976.0,0.0,2019,Q2 2019,0.0,123.0,0.0035,0.002929,0.000595,148.0,0.0,2019-04-01
American Airlines,44.0,1227.0,0.0,1999.0,28.0,3298.0,3270.0,41562.0,36110590.0,0.0,2019,Q2 2019,1271.0,2027.0,0.1242,0.009133,0.115096,44860.0,0.0,2019-04-01
Delta Air Lines,0.0,0.0,0.0,0.0,0.0,0.0,0.0,32820.0,39153662.0,0.0,2019,Q2 2019,0.0,0.0,0.0838,0.0,0.083824,32820.0,0.0,2019-04-01
Endeavor Air,0.0,0.0,0.0,0.0,0.0,0.0,0.0,8011.0,3767698.0,0.0,2019,Q2 2019,0.0,0.0,0.2126,0.0,0.212623,8011.0,0.0,2019-04-01
Envoy Air,5.0,96.0,0.0,428.0,8.0,537.0,529.0,4439.0,3751462.0,0.0,2019,Q2 2019,101.0,436.0,0.1326,0.014314,0.118327,4976.0,0.0,2019-04-01
ExpressJet Airlines,0.0,1.0,0.0,0.0,0.0,1.0,1.0,1522.0,1257349.0,0.0,2019,Q2 2019,1.0,0.0,0.1211,8e-05,0.121048,1523.0,0.0,2019-04-01
Frontier Airlines,0.0,96.0,0.0,82.0,6.0,184.0,98.0,838.0,5128189.0,1852.0,2019,Q2 2019,96.0,88.0,0.0199,0.003588,0.016341,1022.0,2.21,2019-04-01
Hawaiian Airlines,0.0,0.0,0.0,0.0,0.0,0.0,0.0,39.0,2742590.0,0.0,2019,Q2 2019,0.0,0.0,0.0014,0.0,0.001422,39.0,0.0,2019-04-01
JetBlue Airways,0.0,5.0,0.0,2.0,0.0,7.0,5.0,641.0,9851842.0,404614.0,2019,Q2 2019,5.0,2.0,0.0066,7.1e-05,0.006506,648.0,631.22,2019-04-01
Mesa Airlines,1.0,20.0,0.0,293.0,0.0,314.0,314.0,2836.0,3589375.0,0.0,2019,Q2 2019,21.0,293.0,0.0878,0.008748,0.079011,3150.0,0.0,2019-04-01
PSA Airlines,3.0,117.0,0.0,367.0,0.0,487.0,487.0,4264.0,3905385.0,0.0,2019,Q2 2019,120.0,367.0,0.1217,0.01247,0.109183,4751.0,0.0,2019-04-01
Republic Airline,6.0,117.0,0.0,39.0,0.0,162.0,162.0,6321.0,5010539.0,0.0,2019,Q2 2019,123.0,39.0,0.1294,0.003233,0.126154,6483.0,0.0,2019-04-01
SkyWest Airlines,1.0,84.0,0.0,124.0,4.0,213.0,209.0,17228.0,10320910.0,0.0,2019,Q2 2019,85.0,128.0,0.169,0.002064,0.166923,17441.0,0.0,2019-04-01
Southwest Airlines,233.0,698.0,0.0,0.0,0.0,931.0,931.0,12368.0,42176361.0,0.0,2019,Q2 2019,931.0,0.0,0.0315,0.002207,0.029324,13299.0,0.0,2019-04-01
Spirit Airlines,5.0,139.0,0.0,5.0,0.0,149.0,144.0,5642.0,8335320.0,0.0,2019,Q2 2019,144.0,5.0,0.0695,0.001788,0.067688,5791.0,0.0,2019-04-01
United Air Lines,1.0,6.0,0.0,12.0,9.0,28.0,19.0,11394.0,27015815.0,0.0,2019,Q2 2019,7.0,21.0,0.0423,0.000104,0.042175,11422.0,0.0,2019-04-01
Alaska Airlines,0.0,65.0,0.0,16.0,11.0,92.0,65.0,2730.0,9563449.0,0.0,2019,Q3 2019,65.0,27.0,0.0295,0.000962,0.028546,2822.0,0.0,2019-07-01
Allegiant Airlines,0.0,0.0,0.0,2.0,0.0,2.0,0.0,135.0,3836145.0,0.0,2019,Q3 2019,0.0,2.0,0.0036,5.2e-05,0.003519,137.0,0.0,2019-07-01
American Airlines,21.0,832.0,0.0,997.0,40.0,1890.0,1850.0,25733.0,36283824.0,0.0,2019,Q3 2019,853.0,1037.0,0.0761,0.005209,0.070921,27623.0,0.0,2019-07-01
Delta Air Lines,0.0,1.0,0.0,0.0,2.0,3.0,1.0,24642.0,40050497.0,0.0,2019,Q3 2019,1.0,2.0,0.0615,7e-06,0.061527,24645.0,0.0,2019-07-01
Endeavor Air,0.0,0.0,0.0,0.0,0.0,0.0,0.0,6451.0,3850464.0,0.0,2019,Q3 2019,0.0,0.0,0.1675,0.0,0.167538,6451.0,0.0,2019-07-01
Envoy Air,11.0,127.0,0.0,423.0,0.0,561.0,561.0,3286.0,3861879.0,0.0,2019,Q3 2019,138.0,423.0,0.0996,0.014527,0.085088,3847.0,0.0,2019-07-01
ExpressJet Airlines,0.0,0.0,0.0,0.0,0.0,0.0,0.0,1358.0,1433425.0,0.0,2019,Q3 2019,0.0,0.0,0.0947,0.0,0.094738,1358.0,0.0,2019-07-01
Frontier Airlines,0.0,118.0,0.0,99.0,13.0,230.0,61.0,893.0,5731264.0,2489.0,2019,Q3 2019,118.0,112.0,0.0196,0.004013,0.015581,1123.0,2.79,2019-07-01
Hawaiian Airlines,0.0,0.0,0.0,0.0,0.0,0.0,0.0,34.0,2828870.0,0.0,2019,Q3 2019,0.0,0.0,0.0012,0.0,0.001202,34.0,0.0,2019-07-01
JetBlue Airways,0.0,7.0,0.0,1.0,0.0,8.0,7.0,785.0,9760018.0,426338.0,2019,Q3 2019,7.0,1.0,0.0081,8.2e-05,0.008043,793.0,543.11,2019-07-01
Mesa Airlines,0.0,16.0,0.0,72.0,0.0,88.0,88.0,1861.0,3599017.0,0.0,2019,Q3 2019,16.0,72.0,0.0542,0.002445,0.051709,1949.0,0.0,2019-07-01
PSA Airlines,7.0,152.0,0.0,180.0,0.0,339.0,339.0,3027.0,3810183.0,0.0,2019,Q3 2019,159.0,180.0,0.0883,0.008897,0.079445,3366.0,0.0,2019-07-01
Republic Airline,2.0,108.0,0.0,109.0,0.0,219.0,219.0,5378.0,4900415.0,0.0,2019,Q3 2019,110.0,109.0,0.1142,0.004469,0.109746,5597.0,0.0,2019-07-01
SkyWest Airlines,1.0,64.0,0.0,136.0,2.0,203.0,201.0,14794.0,10472196.0,0.0,2019,Q3 2019,65.0,138.0,0.1432,0.001938,0.141269,14997.0,0.0,2019-07-01
Southwest Airlines,122.0,192.0,0.0,0.0,0.0,314.0,314.0,4806.0,40777514.0,0.0,2019,Q3 2019,314.0,0.0,0.0126,0.00077,0.011786,5120.0,0.0,2019-07-01
Spirit Airlines,0.0,43.0,1.0,20.0,0.0,64.0,43.0,4656.0,8390933.0,0.0,2019,Q3 2019,43.0,21.0,0.0563,0.000763,0.055488,4720.0,0.0,2019-07-01
United Air Lines,0.0,5.0,0.0,0.0,2.0,7.0,5.0,9110.0,26963748.0,0.0,2019,Q3 2019,5.0,2.0,0.0338,2.6e-05,0.033786,9117.0,0.0,2019-07-01
Alaska Airlines,0.0,60.0,0.0,36.0,12.0,108.0,60.0,3147.0,8547197.0,0.0,2019,Q4 2019,60.0,48.0,0.0381,0.001264,0.036819,3255.0,0.0,2019-10-01
Allegiant Airlines,0.0,0.0,0.0,2.0,0.0,2.0,0.0,347.0,3613426.0,0.0,2019,Q4 2019,0.0,2.0,0.0097,5.5e-05,0.009603,349.0,0.0,2019-10-01
American Airlines,40.0,446.0,0.0,554.0,31.0,1071.0,1040.0,15503.0,35416937.0,0.0,2019,Q4 2019,486.0,585.0,0.0468,0.003024,0.043773,16574.0,0.0,2019-10-01
Delta Air Lines,0.0,0.0,0.0,0.0,0.0,0.0,0.0,26246.0,36796401.0,0.0,2019,Q4 2019,0.0,0.0,0.0713,0.0,0.071328,26246.0,0.0,2019-10-01
Endeavor Air,0.0,0.0,0.0,0.0,0.0,0.0,0.0,6772.0,3780820.0,0.0,2019,Q4 2019,0.0,0.0,0.1791,0.0,0.179115,6772.0,0.0,2019-10-01
Envoy Air,2.0,67.0,0.0,475.0,0.0,544.0,544.0,2427.0,3703185.0,0.0,2019,Q4 2019,69.0,475.0,0.0802,0.01469,0.065538,2971.0,0.0,2019-10-01
ExpressJet Airlines,0.0,1.0,0.0,0.0,0.0,1.0,1.0,990.0,1467237.0,0.0,2019,Q4 2019,1.0,0.0,0.0675,6.8e-05,0.067474,991.0,0.0,2019-10-01
Frontier Airlines,0.0,145.0,0.0,83.0,21.0,249.0,98.0,821.0,5764965.0,2489.0,2019,Q4 2019,145.0,104.0,0.0186,0.004319,0.014241,1070.0,3.03,2019-10-01
Hawaiian Airlines,0.0,0.0,0.0,0.0,0.0,0.0,0.0,101.0,2674636.0,1000.0,2019,Q4 2019,0.0,0.0,0.0038,0.0,0.003776,101.0,9.9,2019-10-01
JetBlue Airways,0.0,12.0,0.0,4.0,0.0,16.0,12.0,637.0,9504092.0,386415.0,2019,Q4 2019,12.0,4.0,0.0069,0.000168,0.006702,653.0,606.62,2019-10-01
Mesa Airlines,2.0,31.0,0.0,69.0,0.0,102.0,102.0,1428.0,3528613.0,0.0,2019,Q4 2019,33.0,69.0,0.0434,0.002891,0.040469,1530.0,0.0,2019-10-01
PSA Airlines,3.0,86.0,0.0,370.0,0.0,459.0,459.0,2683.0,3816412.0,0.0,2019,Q4 2019,89.0,370.0,0.0823,0.012027,0.070302,3142.0,0.0,2019-10-01
Republic Airline,1.0,77.0,0.0,42.0,0.0,120.0,120.0,3532.0,3218312.0,0.0,2019,Q4 2019,78.0,42.0,0.1135,0.003729,0.109747,3652.0,0.0,2019-10-01
SkyWest Airlines,3.0,37.0,0.0,76.0,0.0,116.0,116.0,13524.0,10085483.0,0.0,2019,Q4 2019,40.0,76.0,0.1352,0.00115,0.134094,13640.0,0.0,2019-10-01
Southwest Airlines,116.0,153.0,0.0,0.0,0.0,269.0,269.0,4339.0,40839000.0,0.0,2019,Q4 2019,269.0,0.0,0.0113,0.000659,0.010625,4608.0,0.0,2019-10-01
Spirit Airlines,6.0,85.0,1.0,29.0,0.0,121.0,91.0,5575.0,8276219.0,0.0,2019,Q4 2019,91.0,30.0,0.0688,0.001462,0.067362,5696.0,0.0,2019-10-01
United Air Lines,0.0,10.0,0.0,0.0,3.0,13.0,10.0,5668.0,25141731.0,0.0,2019,Q4 2019,10.0,3.0,0.0226,5.2e-05,0.022544,5681.0,0.0,2019-10-01
Alaska Airlines,0.0,24.0,0.0,3.0,3.0,30.0,24.0,1515.0,6420719.0,0.0,2020,Q1 2020,24.0,6.0,0.0241,0.000467,0.023595,1545.0,0.0,2020-01-01
Allegiant Airlines,0.0,0.0,0.0,0.0,0.0,0.0,0.0,272.0,3197140.0,0.0,2020,Q1 2020,0.0,0.0,0.0085,0.0,0.008508,272.0,0.0,2020-01-01
American Airlines,8.0,198.0,0.0,256.0,3.0,465.0,462.0,6127.0,27440927.0,0.0,2020,Q1 2020,206.0,259.0,0.024,0.001695,0.022328,6592.0,0.0,2020-01-01
Delta Air Lines,0.0,0.0,0.0,0.0,0.0,0.0,0.0,16399.0,27870231.0,0.0,2020,Q1 2020,0.0,0.0,0.0588,0.0,0.058841,16399.0,0.0,2020-01-01
Endeavor Air,0.0,0.0,0.0,0.0,0.0,0.0,0.0,3775.0,2964249.0,0.0,2020,Q1 2020,0.0,0.0,0.1274,0.0,0.127351,3775.0,0.0,2020-01-01
Envoy Air,1.0,39.0,0.0,241.0,0.0,281.0,281.0,1895.0,2863191.0,0.0,2020,Q1 2020,40.0,241.0,0.076,0.009814,0.066185,2176.0,0.0,2020-01-01
ExpressJet Airlines,0.0,0.0,0.0,0.0,0.0,0.0,0.0,669.0,1239445.0,0.0,2020,Q1 2020,0.0,0.0,0.054,0.0,0.053976,669.0,0.0,2020-01-01
Frontier Airlines,0.0,58.0,0.0,26.0,12.0,96.0,29.0,481.0,4685687.0,943.0,2020,Q1 2020,58.0,38.0,0.0123,0.002049,0.010265,577.0,1.96,2020-01-01
Hawaiian Airlines,0.0,1.0,0.0,0.0,0.0,1.0,1.0,125.0,2185709.0,2000.0,2020,Q1 2020,1.0,0.0,0.0058,4.6e-05,0.005719,126.0,16.0,2020-01-01
JetBlue Airways,0.0,0.0,0.0,2.0,0.0,2.0,0.0,250.0,7303799.0,137640.0,2020,Q1 2020,0.0,2.0,0.0035,2.7e-05,0.003423,252.0,550.56,2020-01-01
Mesa Airlines,0.0,10.0,0.0,8.0,0.0,18.0,18.0,962.0,2681520.0,0.0,2020,Q1 2020,10.0,8.0,0.0365,0.000671,0.035875,980.0,0.0,2020-01-01
PSA Airlines,3.0,83.0,0.0,118.0,0.0,204.0,204.0,1291.0,3039515.0,0.0,2020,Q1 2020,86.0,118.0,0.0492,0.006712,0.042474,1495.0,0.0,2020-01-01
Republic Airline,1.0,57.0,0.0,27.0,0.0,85.0,85.0,1101.0,3098354.0,0.0,2020,Q1 2020,58.0,27.0,0.0383,0.002743,0.035535,1186.0,0.0,2020-01-01
SkyWest Airlines,4.0,55.0,0.0,151.0,1.0,211.0,206.0,9991.0,8355310.0,0.0,2020,Q1 2020,59.0,152.0,0.1221,0.002525,0.119577,10202.0,0.0,2020-01-01
Southwest Airlines,29.0,83.0,0.0,0.0,0.0,112.0,112.0,2355.0,29539107.0,0.0,2020,Q1 2020,112.0,0.0,0.0084,0.000379,0.007972,2467.0,0.0,2020-01-01
Spirit Airlines,1.0,27.0,2.0,34.0,0.0,64.0,28.0,3585.0,7195275.0,0.0,2020,Q1 2020,28.0,36.0,0.0507,0.000889,0.049824,3649.0,0.0,2020-01-01
United Air Lines,0.0,0.0,0.0,0.0,7.0,7.0,0.0,2842.0,18412040.0,0.0,2020,Q1 2020,0.0,7.0,0.0155,3.8e-05,0.015436,2849.0,0.0,2020-01-01
Alaska Airlines,0.0,0.0,0.0,0.0,0.0,0.0,0.0,43.0,916543.0,0.0,2020,Q2 2020,0.0,0.0,0.0047,0.0,0.004692,43.0,0.0,2020-04-01
Allegiant Airlines,0.0,0.0,0.0,0.0,0.0,0.0,0.0,15.0,1296542.0,0.0,2020,Q2 2020,0.0,0.0,0.0012,0.0,0.001157,15.0,0.0,2020-04-01
American Airlines,11.0,68.0,0.0,6.0,0.0,85.0,85.0,647.0,5369982.0,0.0,2020,Q2 2020,79.0,6.0,0.0136,0.001583,0.012048,732.0,0.0,2020-04-01
Delta Air Lines,0.0,0.0,0.0,0.0,0.0,0.0,0.0,1546.0,2956649.0,0.0,2020,Q2 2020,0.0,0.0,0.0523,0.0,0.052289,1546.0,0.0,2020-04-01
Endeavor Air,0.0,0.0,0.0,0.0,0.0,0.0,0.0,277.0,404077.0,0.0,2020,Q2 2020,0.0,0.0,0.0686,0.0,0.068551,277.0,0.0,2020-04-01
Envoy Air,5.0,17.0,0.0,4.0,0.0,26.0,26.0,190.0,847305.0,0.0,2020,Q2 2020,22.0,4.0,0.0255,0.003069,0.022424,216.0,0.0,2020-04-01
ExpressJet Airlines,0.0,0.0,0.0,0.0,0.0,0.0,0.0,5.0,115481.0,0.0,2020,Q2 2020,0.0,0.0,0.0043,0.0,0.00433,5.0,0.0,2020-04-01
Frontier Airlines,0.0,40.0,0.0,0.0,5.0,45.0,24.0,170.0,690113.0,149.0,2020,Q2 2020,40.0,5.0,0.0312,0.006521,0.024634,215.0,0.88,2020-04-01
Hawaiian Airlines,0.0,0.0,0.0,0.0,0.0,0.0,0.0,30.0,176278.0,0.0,2020,Q2 2020,0.0,0.0,0.017,0.0,0.017019,30.0,0.0,2020-04-01
JetBlue Airways,0.0,0.0,0.0,0.0,0.0,0.0,0.0,29.0,583894.0,19800.0,2020,Q2 2020,0.0,0.0,0.005,0.0,0.004967,29.0,682.76,2020-04-01
Mesa Airlines,1.0,11.0,0.0,0.0,0.0,12.0,12.0,95.0,536745.0,0.0,2020,Q2 2020,12.0,0.0,0.0199,0.002236,0.017699,107.0,0.0,2020-04-01
PSA Airlines,0.0,39.0,0.0,0.0,0.0,39.0,39.0,226.0,852181.0,0.0,2020,Q2 2020,39.0,0.0,0.0311,0.004576,0.02652,265.0,0.0,2020-04-01
Republic Airline,2.0,17.0,0.0,2.0,0.0,21.0,21.0,81.0,592187.0,0.0,2020,Q2 2020,19.0,2.0,0.0172,0.003546,0.013678,102.0,0.0,2020-04-01
SkyWest Airlines,4.0,28.0,0.0,0.0,4.0,36.0,32.0,464.0,1642807.0,0.0,2020,Q2 2020,32.0,4.0,0.0304,0.002191,0.028244,500.0,0.0,2020-04-01
Southwest Airlines,48.0,62.0,0.0,0.0,0.0,110.0,110.0,1108.0,7058890.0,0.0,2020,Q2 2020,110.0,0.0,0.0173,0.001558,0.015697,1218.0,0.0,2020-04-01
Spirit Airlines,0.0,2.0,0.0,0.0,0.0,2.0,2.0,80.0,871869.0,0.0,2020,Q2 2020,2.0,0.0,0.0094,0.000229,0.009176,82.0,0.0,2020-04-01
United Air Lines,0.0,0.0,0.0,0.0,0.0,0.0,0.0,8.0,1333318.0,0.0,2020,Q2 2020,0.0,0.0,0.0006,0.0,0.0006,8.0,0.0,2020-04-01
Alaska Airlines,0.0,0.0,0.0,0.0,0.0,0.0,0.0,0.0,2110763.0,0.0,2020,Q3 2020,0.0,0.0,0.0,0.0,0.0,0.0,,2020-07-01
Allegiant Airlines,0.0,0.0,0.0,0.0,0.0,0.0,0.0,11.0,2036795.0,0.0,2020,Q3 2020,0.0,0.0,0.0005,0.0,0.00054,11.0,0.0,2020-07-01
American Airlines,14.0,558.0,0.0,65.0,1.0,638.0,637.0,2899.0,13703995.0,0.0,2020,Q3 2020,572.0,66.0,0.0258,0.004656,0.021154,3537.0,0.0,2020-07-01
Delta Air Lines,0.0,0.0,0.0,0.0,0.0,0.0,0.0,634.0,9298752.0,0.0,2020,Q3 2020,0.0,0.0,0.0068,0.0,0.006818,634.0,0.0,2020-07-01
Endeavor Air,0.0,0.0,0.0,0.0,0.0,0.0,0.0,77.0,1550894.0,0.0,2020,Q3 2020,0.0,0.0,0.005,0.0,0.004965,77.0,0.0,2020-07-01
Envoy Air,9.0,70.0,0.0,53.0,0.0,132.0,132.0,747.0,1994013.0,0.0,2020,Q3 2020,79.0,53.0,0.0441,0.00662,0.037462,879.0,0.0,2020-07-01
ExpressJet Airlines,0.0,0.0,0.0,0.0,0.0,0.0,0.0,12.0,227234.0,0.0,2020,Q3 2020,0.0,0.0,0.0053,0.0,0.005281,12.0,0.0,2020-07-01
Frontier Airlines,0.0,54.0,1.0,0.0,9.0,64.0,23.0,256.0,2508125.0,1150.0,2020,Q3 2020,54.0,10.0,0.0128,0.002552,0.010207,320.0,4.49,2020-07-01
Hawaiian Airlines,0.0,0.0,0.0,0.0,0.0,0.0,0.0,14.0,320241.0,0.0,2020,Q3 2020,0.0,0.0,0.0044,0.0,0.004372,14.0,0.0,2020-07-01
JetBlue Airways,0.0,0.0,0.0,0.0,0.0,0.0,0.0,9.0,1433931.0,5800.0,2020,Q3 2020,0.0,0.0,0.0006,0.0,0.000628,9.0,644.44,2020-07-01
Mesa Airlines,0.0,12.0,0.0,0.0,0.0,12.0,12.0,226.0,1390249.0,0.0,2020,Q3 2020,12.0,0.0,0.0171,0.000863,0.016256,238.0,0.0,2020-07-01
PSA Airlines,5.0,67.0,0.0,1.0,0.0,73.0,73.0,625.0,1961845.0,0.0,2020,Q3 2020,72.0,1.0,0.0356,0.003721,0.031858,698.0,0.0,2020-07-01
Republic Airline,0.0,49.0,0.0,13.0,0.0,62.0,62.0,303.0,1865200.0,0.0,2020,Q3 2020,49.0,13.0,0.0196,0.003324,0.016245,365.0,0.0,2020-07-01
SkyWest Airlines,1.0,30.0,0.0,2.0,0.0,33.0,33.0,1069.0,4650686.0,0.0,2020,Q3 2020,31.0,2.0,0.0237,0.00071,0.022986,1102.0,0.0,2020-07-01
Southwest Airlines,25.0,123.0,0.0,0.0,0.0,148.0,148.0,937.0,15080946.0,0.0,2020,Q3 2020,148.0,0.0,0.0072,0.000981,0.006213,1085.0,0.0,2020-07-01
Spirit Airlines,0.0,0.0,0.0,0.0,0.0,0.0,0.0,227.0,4483592.0,0.0,2020,Q3 2020,0.0,0.0,0.0051,0.0,0.005063,227.0,0.0,2020-07-01
United Air Lines,0.0,8.0,0.0,0.0,0.0,8.0,8.0,76.0,5211611.0,0.0,2020,Q3 2020,8.0,0.0,0.0016,0.000154,0.001458,84.0,0.0,2020-07-01
Alaska Airlines,0.0,0.0,0.0,0.0,0.0,0.0,0.0,0.0,2247354.0,0.0,2020,Q4 2020,0.0,0.0,0.0,0.0,0.0,0.0,,2020-10-01
Allegiant Airlines,0.0,0.0,0.0,0.0,0.0,0.0,0.0,6.0,2180397.0,0.0,2020,Q4 2020,0.0,0.0,0.0003,0.0,0.000275,6.0,0.0,2020-10-01
American Airlines,0.0,8.0,0.0,20.0,0.0,28.0,28.0,591.0,14695523.0,0.0,2020,Q4 2020,8.0,20.0,0.0042,0.000191,0.004022,619.0,0.0,2020-10-01
Delta Air Lines,0.0,0.0,0.0,0.0,0.0,0.0,0.0,570.0,11484571.0,0.0,2020,Q4 2020,0.0,0.0,0.005,0.0,0.004963,570.0,0.0,2020-10-01
Endeavor Air,0.0,0.0,0.0,0.0,0.0,0.0,0.0,233.0,2013531.0,0.0,2020,Q4 2020,0.0,0.0,0.0116,0.0,0.011572,233.0,0.0,2020-10-01
Envoy Air,2.0,14.0,0.0,14.0,0.0,30.0,30.0,408.0,2164410.0,0.0,2020,Q4 2020,16.0,14.0,0.0202,0.001386,0.01885,438.0,0.0,2020-10-01
Frontier Airlines,0.0,43.0,0.0,0.0,8.0,51.0,23.0,167.0,2619595.0,876.0,2020,Q4 2020,43.0,8.0,0.0083,0.001947,0.006375,218.0,5.25,2020-10-01
Hawaiian Airlines,0.0,0.0,0.0,0.0,0.0,0.0,0.0,8.0,469717.0,0.0,2020,Q4 2020,0.0,0.0,0.0017,0.0,0.001703,8.0,0.0,2020-10-01
JetBlue Airways,0.0,0.0,0.0,0.0,0.0,0.0,0.0,62.0,2560789.0,24950.0,2020,Q4 2020,0.0,0.0,0.0024,0.0,0.002421,62.0,402.42,2020-10-01
Mesa Airlines,0.0,1.0,0.0,2.0,0.0,3.0,3.0,170.0,1769553.0,0.0,2020,Q4 2020,1.0,2.0,0.0098,0.00017,0.009607,173.0,0.0,2020-10-01
PSA Airlines,0.0,6.0,0.0,13.0,0.0,19.0,19.0,360.0,2083641.0,0.0,2020,Q4 2020,6.0,13.0,0.0182,0.000912,0.017277,379.0,0.0,2020-10-01
Republic Airline,1.0,2.0,0.0,18.0,0.0,21.0,21.0,217.0,2613252.0,0.0,2020,Q4 2020,3.0,18.0,0.0091,0.000804,0.008304,238.0,0.0,2020-10-01
SkyWest Airlines,0.0,5.0,0.0,0.0,0.0,5.0,5.0,720.0,5122330.0,0.0,2020,Q4 2020,5.0,0.0,0.0142,9.8e-05,0.014056,725.0,0.0,2020-10-01
Southwest Airlines,13.0,15.0,0.0,0.0,0.0,28.0,28.0,487.0,16011098.0,0.0,2020,Q4 2020,28.0,0.0,0.0032,0.000175,0.003042,515.0,0.0,2020-10-01
Spirit Airlines,0.0,12.0,0.0,87.0,0.0,99.0,12.0,685.0,5010558.0,0.0,2020,Q4 2020,12.0,87.0,0.0156,0.001976,0.013671,784.0,0.0,2020-10-01
United Air Lines,0.0,5.0,0.0,0.0,0.0,5.0,5.0,289.0,8860807.0,0.0,2020,Q4 2020,5.0,0.0,0.0033,5.6e-05,0.003262,294.0,0.0,2020-10-01
Alaska Airlines,0.0,1.0,0.0,1.0,0.0,2.0,1.0,117.0,3007066.0,0.0,2021,Q1 2021,1.0,1.0,0.004,6.7e-05,0.003891,119.0,0.0,2021-01-01
Allegiant Airlines,0.0,0.0,0.0,0.0,0.0,0.0,0.0,3.0,2322946.0,0.0,2021,Q1 2021,0.0,0.0,0.0001,0.0,0.000129,3.0,0.0,2021-01-01
American Airlines,7.0,66.0,0.0,7.0,0.0,80.0,80.0,1453.0,14719488.0,0.0,2021,Q1 2021,73.0,7.0,0.0104,0.000543,0.009871,1533.0,0.0,2021-01-01
Delta Air Lines,0.0,0.0,0.0,0.0,0.0,0.0,0.0,1386.0,12861197.0,950300.0,2021,Q1 2021,0.0,0.0,0.0108,0.0,0.010777,1386.0,685.64,2021-01-01
Endeavor Air,0.0,0.0,0.0,0.0,0.0,0.0,0.0,385.0,1940986.0,239500.0,2021,Q1 2021,0.0,0.0,0.0198,0.0,0.019835,385.0,622.08,2021-01-01
Envoy Air,1.0,22.0,0.0,9.0,0.0,32.0,32.0,849.0,2172455.0,0.0,2021,Q1 2021,23.0,9.0,0.0406,0.001473,0.03908,881.0,0.0,2021-01-01
Frontier Airlines,0.0,129.0,12.0,82.0,0.0,223.0,129.0,626.0,4812979.0,0.0,2021,Q1 2021,129.0,94.0,0.0176,0.004633,0.013006,849.0,0.0,2021-01-01
Hawaiian Airlines,0.0,0.0,0.0,0.0,0.0,0.0,0.0,3.0,727796.0,0.0,2021,Q1 2021,0.0,0.0,0.0004,0.0,0.000412,3.0,0.0,2021-01-01
JetBlue Airways,0.0,2.0,2.0,12.0,0.0,16.0,14.0,81.0,3875067.0,32693.0,2021,Q1 2021,2.0,14.0,0.0025,0.000413,0.00209,97.0,403.62,2021-01-01
Mesa Airlines,1.0,5.0,0.0,0.0,0.0,6.0,6.0,359.0,1625143.0,0.0,2021,Q1 2021,6.0,0.0,0.0225,0.000369,0.02209,365.0,0.0,2021-01-01
PSA Airlines,0.0,8.0,0.0,0.0,0.0,8.0,8.0,599.0,1922953.0,0.0,2021,Q1 2021,8.0,0.0,0.0316,0.000416,0.03115,607.0,0.0,2021-01-01
Horizon Air,0.0,15.0,0.0,0.0,0.0,15.0,15.0,126.0,1111080.0,0.0,2021,Q1 2021,15.0,0.0,0.0127,0.00135,0.01134,141.0,0.0,2021-01-01
Republic Airline,3.0,28.0,0.0,0.0,0.0,31.0,31.0,766.0,3171190.0,82100.0,2021,Q1 2021,31.0,0.0,0.0251,0.000978,0.024155,797.0,107.18,2021-01-01
SkyWest Airlines,1.0,25.0,0.0,0.0,0.0,26.0,26.0,2295.0,5427962.0,614600.0,2021,Q1 2021,26.0,0.0,0.0428,0.000479,0.042281,2321.0,267.8,2021-01-01
Southwest Airlines,72.0,120.0,0.0,0.0,0.0,192.0,192.0,1439.0,17846213.0,0.0,2021,Q1 2021,192.0,0.0,0.0091,0.001076,0.008063,1631.0,0.0,2021-01-01
Spirit Airlines,1.0,34.0,0.0,76.0,0.0,111.0,35.0,1683.0,5236309.0,0.0,2021,Q1 2021,35.0,76.0,0.0343,0.00212,0.032141,1794.0,0.0,2021-01-01
United Air Lines,0.0,0.0,0.0,0.0,0.0,0.0,0.0,591.0,8723919.0,0.0,2021,Q1 2021,0.0,0.0,0.0068,0.0,0.006774,591.0,0.0,2021-01-01
Alaska Airlines,0.0,16.0,0.0,17.0,0.0,33.0,16.0,915.0,5911527.0,3092.0,2021,Q2 2021,16.0,17.0,0.016,0.000558,0.015478,948.0,3.38,2021-04-01
Allegiant Airlines,0.0,0.0,0.0,0.0,0.0,0.0,0.0,203.0,3699217.0,0.0,2021,Q2 2021,0.0,0.0,0.0055,0.0,0.005488,203.0,0.0,2021-04-01
American Airlines,24.0,331.0,0.0,53.0,0.0,408.0,408.0,5192.0,28314308.0,0.0,2021,Q2 2021,355.0,53.0,0.0198,0.001441,0.018337,5600.0,0.0,2021-04-01
Delta Air Lines,0.0,0.0,0.0,0.0,0.0,0.0,0.0,3231.0,24200394.0,2033608.0,2021,Q2 2021,0.0,0.0,0.0134,0.0,0.013351,3231.0,629.41,2021-04-01
Endeavor Air,0.0,0.0,0.0,0.0,0.0,0.0,0.0,1181.0,3517547.0,725549.0,2021,Q2 2021,0.0,0.0,0.0336,0.0,0.033575,1181.0,614.35,2021-04-01
Envoy Air,1.0,64.0,1.0,49.0,0.0,115.0,114.0,1422.0,3409015.0,0.0,2021,Q2 2021,65.0,50.0,0.0451,0.003373,0.041713,1537.0,0.0,2021-04-01
Frontier Airlines,0.0,198.0,6.0,130.0,0.0,334.0,330.0,886.0,5456373.0,4210.0,2021,Q2 2021,198.0,136.0,0.0224,0.006121,0.016238,1220.0,4.75,2021-04-01
Hawaiian Airlines,0.0,0.0,0.0,0.0,0.0,0.0,0.0,10.0,1717710.0,0.0,2021,Q2 2021,0.0,0.0,0.0006,0.0,0.000582,10.0,0.0,2021-04-01
JetBlue Airways,0.0,1.0,0.0,2.0,0.0,3.0,1.0,463.0,6993996.0,335840.0,2021,Q2 2021,1.0,2.0,0.0067,4.3e-05,0.00662,466.0,725.36,2021-04-01
Mesa Airlines,1.0,31.0,0.0,8.0,0.0,40.0,40.0,808.0,2494135.0,0.0,2021,Q2 2021,32.0,8.0,0.034,0.001604,0.032396,848.0,0.0,2021-04-01
PSA Airlines,9.0,62.0,4.0,40.0,0.0,115.0,111.0,1342.0,3420512.0,0.0,2021,Q2 2021,71.0,44.0,0.0426,0.003362,0.039234,1457.0,0.0,2021-04-01
Horizon Air,0.0,57.0,0.0,0.0,0.0,57.0,57.0,706.0,1730321.0,0.0,2021,Q2 2021,57.0,0.0,0.0441,0.003294,0.040802,763.0,0.0,2021-04-01
Republic Airline,4.0,83.0,0.0,24.0,0.0,111.0,111.0,2855.0,5160977.0,598410.0,2021,Q2 2021,87.0,24.0,0.0575,0.002151,0.055319,2966.0,209.6,2021-04-01
SkyWest Airlines,0.0,84.0,0.0,2.0,0.0,86.0,86.0,3592.0,8943583.0,721849.0,2021,Q2 2021,84.0,2.0,0.0411,0.000962,0.040163,3678.0,200.96,2021-04-01
Southwest Airlines,291.0,1023.0,0.0,0.0,0.0,1314.0,1314.0,9008.0,32534837.0,0.0,2021,Q2 2021,1314.0,0.0,0.0317,0.004039,0.027687,10322.0,0.0,2021-04-01
Spirit Airlines,3.0,27.0,0.0,50.0,5.0,85.0,30.0,3131.0,7963642.0,0.0,2021,Q2 2021,30.0,55.0,0.0404,0.001067,0.039316,3216.0,0.0,2021-04-01
United Air Lines,0.0,1.0,0.0,4.0,0.0,5.0,5.0,1341.0,14619155.0,0.0,2021,Q2 2021,1.0,4.0,0.0092,3.4e-05,0.009173,1346.0,0.0,2021-04-01
Alaska Airlines,0.0,17.0,0.0,15.0,0.0,32.0,17.0,1059.0,6891202.0,350.0,2021,Q3 2021,17.0,15.0,0.0158,0.000464,0.015367,1091.0,0.33,2021-07-01
Allegiant Airlines,0.0,0.0,0.0,0.0,0.0,0.0,0.0,519.0,3872651.0,0.0,2021,Q3 2021,0.0,0.0,0.0134,0.0,0.013402,519.0,0.0,2021-07-01
American Airlines,33.0,374.0,0.0,62.0,11.0,480.0,480.0,6008.0,31669647.0,10320.0,2021,Q3 2021,407.0,73.0,0.0205,0.001516,0.018971,6488.0,1.72,2021-07-01
Delta Air Lines,0.0,0.0,0.0,0.0,0.0,0.0,0.0,12292.0,30691987.0,7876961.0,2021,Q3 2021,0.0,0.0,0.04,0.0,0.04005,12292.0,640.82,2021-07-01
Endeavor Air,0.0,0.0,0.0,0.0,0.0,0.0,0.0,3642.0,3824655.0,2710439.0,2021,Q3 2021,0.0,0.0,0.0952,0.0,0.095224,3642.0,744.22,2021-07-01
Envoy Air,2.0,59.0,0.0,13.0,2.0,76.0,76.0,1150.0,3628897.0,7981.0,2021,Q3 2021,61.0,15.0,0.0338,0.002094,0.03169,1226.0,6.94,2021-07-01
Frontier Airlines,0.0,421.0,12.0,186.0,0.0,619.0,616.0,1489.0,5776460.0,3845.0,2021,Q3 2021,421.0,198.0,0.0365,0.010716,0.025777,2108.0,2.58,2021-07-01
Hawaiian Airlines,0.0,0.0,0.0,0.0,0.0,0.0,0.0,2.0,2047990.0,0.0,2021,Q3 2021,0.0,0.0,0.0001,0.0,9.8e-05,2.0,0.0,2021-07-01
JetBlue Airways,0.0,24.0,0.0,0.0,0.0,24.0,24.0,901.0,7813396.0,594150.0,2021,Q3 2021,24.0,0.0,0.0118,0.000307,0.011531,925.0,659.43,2021-07-01
Mesa Airlines,1.0,20.0,0.0,5.0,0.0,26.0,26.0,873.0,2721574.0,1938.0,2021,Q3 2021,21.0,5.0,0.033,0.000955,0.032077,899.0,2.22,2021-07-01
PSA Airlines,2.0,73.0,1.0,93.0,0.0,169.0,168.0,1830.0,3513875.0,2076.0,2021,Q3 2021,75.0,94.0,0.0569,0.00481,0.052079,1999.0,1.13,2021-07-01
Horizon Air,0.0,50.0,0.0,0.0,0.0,50.0,50.0,459.0,1899889.0,1196.0,2021,Q3 2021,50.0,0.0,0.0268,0.002632,0.024159,509.0,2.61,2021-07-01
Republic Airline,1.0,111.0,0.0,63.0,3.0,178.0,178.0,5164.0,5525714.0,2468387.0,2021,Q3 2021,112.0,66.0,0.0967,0.003221,0.093454,5342.0,478.0,2021-07-01
SkyWest Airlines,0.0,31.0,0.0,6.0,0.0,37.0,37.0,6743.0,10489689.0,2446525.0,2021,Q3 2021,31.0,6.0,0.0646,0.000353,0.064282,6780.0,362.82,2021-07-01
Southwest Airlines,265.0,942.0,0.0,0.0,0.0,1207.0,1207.0,10242.0,36276768.0,0.0,2021,Q3 2021,1207.0,0.0,0.0316,0.003327,0.028233,11449.0,0.0,2021-07-01
Spirit Airlines,2.0,48.0,0.0,34.0,0.0,84.0,50.0,1766.0,7797518.0,0.0,2021,Q3 2021,50.0,34.0,0.0237,0.001077,0.022648,1850.0,0.0,2021-07-01
United Air Lines,0.0,6.0,0.0,0.0,0.0,6.0,6.0,2864.0,20131527.0,0.0,2021,Q3 2021,6.0,0.0,0.0143,3e-05,0.014226,2870.0,0.0,2021-07-01
Alaska Airlines,0.0,37.0,0.0,14.0,0.0,51.0,37.0,2386.0,6537197.0,0.0,2021,Q4 2021,37.0,14.0,0.0373,0.00078,0.036499,2437.0,0.0,2021-10-01
Allegiant Airlines,0.0,0.0,0.0,0.0,0.0,0.0,0.0,431.0,3731034.0,0.0,2021,Q4 2021,0.0,0.0,0.0116,0.0,0.011552,431.0,0.0,2021-10-01
American Airlines,141.0,837.0,1.0,180.0,12.0,1171.0,1170.0,8787.0,32951348.0,13343.0,2021,Q4 2021,978.0,193.0,0.0302,0.003554,0.026667,9958.0,1.52,2021-10-01
Delta Air Lines,0.0,0.0,0.0,0.0,0.0,0.0,0.0,10508.0,30133454.0,7398104.0,2021,Q4 2021,0.0,0.0,0.0349,0.0,0.034872,10508.0,704.04,2021-10-01
Endeavor Air,0.0,0.0,0.0,0.0,0.0,0.0,0.0,2728.0,3498186.0,2197280.0,2021,Q4 2021,0.0,0.0,0.078,0.0,0.077983,2728.0,805.45,2021-10-01
Envoy Air,6.0,118.0,0.0,38.0,3.0,165.0,165.0,1952.0,3647596.0,2610.0,2021,Q4 2021,124.0,41.0,0.058,0.004524,0.053515,2117.0,1.34,2021-10-01
Frontier Airlines,0.0,646.0,29.0,212.0,0.0,887.0,858.0,1684.0,5734906.0,3471.0,2021,Q4 2021,646.0,241.0,0.0448,0.015467,0.029364,2571.0,2.06,2021-10-01
Hawaiian Airlines,0.0,0.0,0.0,0.0,0.0,0.0,0.0,16.0,1992068.0,0.0,2021,Q4 2021,0.0,0.0,0.0008,0.0,0.000803,16.0,0.0,2021-10-01
JetBlue Airways,0.0,16.0,0.0,0.0,0.0,16.0,16.0,864.0,7738593.0,0.0,2021,Q4 2021,16.0,0.0,0.0114,0.000207,0.011165,880.0,0.0,2021-10-01
Mesa Airlines,1.0,32.0,0.0,12.0,2.0,47.0,47.0,727.0,2600969.0,957.0,2021,Q4 2021,33.0,14.0,0.0298,0.001807,0.027951,774.0,1.32,2021-10-01
PSA Airlines,0.0,87.0,1.0,74.0,0.0,162.0,161.0,1616.0,3522061.0,5041.0,2021,Q4 2021,87.0,75.0,0.0505,0.0046,0.045882,1778.0,3.12,2021-10-01
Horizon Air,0.0,38.0,0.0,0.0,0.0,38.0,38.0,558.0,1430372.0,0.0,2021,Q4 2021,38.0,0.0,0.0417,0.002657,0.039011,596.0,0.0,2021-10-01
Republic Airline,2.0,98.0,1.0,0.0,0.0,101.0,100.0,2303.0,4664483.0,1037999.0,2021,Q4 2021,100.0,1.0,0.0515,0.002165,0.049373,2404.0,450.72,2021-10-01
SkyWest Airlines,0.0,128.0,2.0,30.0,0.0,160.0,160.0,9595.0,10216924.0,4136436.0,2021,Q4 2021,128.0,32.0,0.0955,0.001566,0.093913,9755.0,431.1,2021-10-01
Southwest Airlines,244.0,1060.0,0.0,0.0,0.0,1304.0,1304.0,9649.0,35778696.0,0.0,2021,Q4 2021,1304.0,0.0,0.0306,0.003645,0.026969,10953.0,0.0,2021-10-01
Spirit Airlines,3.0,86.0,0.0,5.0,0.0,94.0,89.0,1853.0,8160830.0,0.0,2021,Q4 2021,89.0,5.0,0.0239,0.001152,0.022706,1947.0,0.0,2021-10-01
United Air Lines,0.0,12.0,1.0,3.0,0.0,16.0,16.0,2609.0,21830661.0,0.0,2021,Q4 2021,12.0,4.0,0.012,7.3e-05,0.011951,2625.0,0.0,2021-10-01
